query_id,predicted_pd_cf,pd_cf_lower_90,pd_cf_upper_90
q00000,0.16242661448140897,0.002426614481408962,0.32242661448140897
q00001,0.09239130434782608,0.01239130434782608,0.17239130434782607
q00002,0.16242661448140897,0.002426614481408962,0.32242661448140897
q00003,0.7087378640776698,0.5887378640776698,0.8287378640776698
q00004,0.9722222222222222,0.9122222222222223,1.0
q00005,0.7087378640776698,0.6687378640776698,0.7487378640776698
q00006,0.1912878787878788,0.1012878787878788,0.2812878787878788
q00007,0.3550420168067227,0.2750420168067227,0.4350420168067227
q00008,0.24113475177304963,0.18113475177304963,0.3011347517730496
q00009,0.09239130434782608,0.03239130434782608,0.15239130434782608
q00010,0.12289156626506022,0.08289156626506022,0.1628915662650602
q00011,0.12289156626506022,0.06289156626506022,0.1828915662650602
q00012,0.1912878787878788,0.13128787878787881,0.25128787878787884
q00013,0.3550420168067227,0.2350420168067227,0.4750420168067227
q00014,0.3550420168067227,0.2950420168067227,0.4150420168067227
q00015,0.1002710027100271,0.04027100271002711,0.1602710027100271
q00016,0.12289156626506022,0.042891566265060216,0.20289156626506022
q00017,0.12289156626506022,0.042891566265060216,0.20289156626506022
q00018,0.4295454545454546,0.38954545454545464,0.4695454545454546
q00019,0.4295454545454546,0.3595454545454546,0.4995454545454546
q00020,0.3550420168067227,0.3150420168067227,0.3950420168067227
q00021,0.16242661448140897,0.10242661448140897,0.22242661448140896
q00022,0.16242661448140897,0.08242661448140896,0.24242661448140895
q00023,0.1002710027100271,0.020271002710027103,0.1802710027100271
q00024,0.25321888412017163,0.19321888412017163,0.3132188841201716
q00025,0.25321888412017163,0.19321888412017163,0.3132188841201716
q00026,0.25321888412017163,0.09321888412017162,0.4132188841201716
q00027,0.1002710027100271,0.060271002710027104,0.1402710027100271
q00028,0.1002710027100271,0.060271002710027104,0.1402710027100271
q00029,0.1002710027100271,0.060271002710027104,0.1402710027100271
q00030,0.7619033061761431,0.701903306176143,0.8219033061761432
q00031,0.7087378640776698,0.5987378640776698,0.8187378640776698
q00032,0.7619033061761431,0.701903306176143,0.8219033061761432
q00033,0.1912878787878788,0.05128787878787883,0.3312878787878788
q00034,0.16242661448140897,0.08242661448140896,0.24242661448140895
q00035,0.22105263157894742,0.16105263157894742,0.28105263157894744
q00036,0.1912878787878788,0.1212878787878788,0.26128787878787885
q00037,0.1912878787878788,0.1512878787878788,0.23128787878787882
q00038,0.1912878787878788,0.1512878787878788,0.23128787878787882
q00039,0.06345177664974619,0.003451776649746191,0.12345177664974619
q00040,0.06345177664974619,0.003451776649746191,0.12345177664974619
q00041,0.06345177664974619,0.003451776649746191,0.12345177664974619
q00042,0.028077753779697623,0.0,0.06807775377969763
q00043,0.028077753779697623,0.0,0.08807775377969762
q00044,0.028077753779697623,0.0,0.1380777537796976
q00045,0.09239130434782608,0.03239130434782608,0.15239130434782608
q00046,0.09239130434782608,0.0023913043478260704,0.18239130434782608
q00047,0.09239130434782608,0.01239130434782608,0.17239130434782607
q00048,0.4295454545454546,0.3695454545454546,0.4895454545454546
q00049,0.4295454545454546,0.3695454545454546,0.4895454545454546
q00050,0.4295454545454546,0.3095454545454546,0.5495454545454546
q00051,0.8367346938775511,0.7467346938775511,0.926734693877551
q00052,0.8367346938775511,0.7567346938775511,0.916734693877551
q00053,0.8367346938775511,0.776734693877551,0.8967346938775511
q00054,0.1912878787878788,0.13128787878787881,0.25128787878787884
q00055,0.1912878787878788,0.13128787878787881,0.25128787878787884
q00056,0.1912878787878788,0.1012878787878788,0.2812878787878788
q00057,0.25321888412017163,0.1732188841201716,0.33321888412017164
q00058,0.25321888412017163,0.1732188841201716,0.33321888412017164
q00059,0.25321888412017163,0.1732188841201716,0.33321888412017164
q00060,0.1912878787878788,0.13128787878787881,0.25128787878787884
q00061,0.3550420168067227,0.24504201680672272,0.4650420168067227
q00062,0.4295454545454546,0.3495454545454546,0.5095454545454546
q00063,0.051490514905149054,0.011490514905149053,0.09149051490514906
q00064,0.051490514905149054,0.0,0.14149051490514905
q00065,0.06231454005934716,0.0,0.13231454005934717
q00066,0.16242661448140897,0.10242661448140897,0.22242661448140896
q00067,0.16242661448140897,0.10242661448140897,0.22242661448140896
q00068,0.16242661448140897,0.07242661448140895,0.25242661448140896
q00069,0.3550420168067227,0.2950420168067227,0.4150420168067227
q00070,0.4,0.34,0.46
q00071,0.3550420168067227,0.2950420168067227,0.4150420168067227
q00072,0.06345177664974619,0.0,0.15345177664974619
q00073,0.07560137457044673,0.03560137457044673,0.11560137457044672
q00074,0.06345177664974619,0.023451776649746188,0.1034517766497462
q00075,0.4295454545454546,0.31954545454545463,0.5395454545454547
q00076,0.4295454545454546,0.3495454545454546,0.5095454545454546
q00077,0.4295454545454546,0.3695454545454546,0.4895454545454546
q00078,0.4878048780487805,0.40780487804878046,0.5678048780487804
q00079,0.4295454545454546,0.3495454545454546,0.5095454545454546
q00080,0.5222222222222223,0.41222222222222227,0.6322222222222222
q00081,0.3550420168067227,0.2850420168067227,0.4250420168067227
q00082,0.3550420168067227,0.2950420168067227,0.4150420168067227
q00083,0.3550420168067227,0.2950420168067227,0.4150420168067227
q00084,0.09239130434782608,0.05239130434782608,0.1323913043478261
q00085,0.0625,0.0225,0.10250000000000001
q00086,0.0625,0.0,0.1525
q00087,0.1002710027100271,0.060271002710027104,0.1402710027100271
q00088,0.06231454005934716,0.002314540059347163,0.12231454005934717
q00089,0.12289156626506022,0.08289156626506022,0.1628915662650602
q00090,0.1002710027100271,0.04027100271002711,0.1602710027100271
q00091,0.12289156626506022,0.08289156626506022,0.1628915662650602
q00092,0.1002710027100271,0.0,0.2202710027100271
q00093,0.3550420168067227,0.24504201680672272,0.4650420168067227
q00094,0.25490196078431376,0.19490196078431377,0.31490196078431376
q00095,0.3550420168067227,0.24504201680672272,0.4650420168067227
q00096,0.12289156626506022,0.06289156626506022,0.1828915662650602
q00097,0.1002710027100271,0.04027100271002711,0.1602710027100271
q00098,0.12289156626506022,0.002891566265060222,0.2428915662650602
q00099,0.12289156626506022,0.08289156626506022,0.1628915662650602
q00100,0.12289156626506022,0.08289156626506022,0.1628915662650602
q00101,0.12289156626506022,0.06289156626506022,0.1828915662650602
q00102,0.028077753779697623,0.0,0.14807775377969762
q00103,0.4,0.34,0.46
q00104,0.028077753779697623,0.0,0.11807775377969762
q00105,0.16242661448140897,0.10242661448140897,0.22242661448140896
q00106,0.06239776413419731,0.0,0.13239776413419732
q00107,0.06345177664974619,0.0,0.15345177664974619
q00108,0.4295454545454546,0.3595454545454546,0.4995454545454546
q00109,0.4295454545454546,0.3395454545454546,0.5195454545454546
q00110,0.4295454545454546,0.3395454545454546,0.5195454545454546
q00111,0.09239130434782608,0.03239130434782608,0.15239130434782608
q00112,0.09239130434782608,0.05239130434782608,0.1323913043478261
q00113,0.09239130434782608,0.05239130434782608,0.1323913043478261
q00114,0.1002710027100271,0.010271002710027108,0.19027100271002712
q00115,0.1002710027100271,0.060271002710027104,0.1402710027100271
q00116,0.09239130434782608,0.03239130434782608,0.15239130434782608
q00117,0.7087378640776698,0.5987378640776698,0.8187378640776698
q00118,0.4295454545454546,0.3695454545454546,0.4895454545454546
q00119,0.7087378640776698,0.6487378640776698,0.7687378640776699
q00120,0.22105263157894742,0.1810526315789474,0.2610526315789474
q00121,0.1912878787878788,0.1512878787878788,0.23128787878787882
q00122,0.1912878787878788,0.13128787878787881,0.25128787878787884
q00123,0.8571428571428571,0.8171428571428571,0.8971428571428571
q00124,0.9565217391304348,0.9165217391304348,0.9965217391304348
q00125,0.7087378640776698,0.6687378640776698,0.7487378640776698
q00126,0.6344086021505376,0.5544086021505377,0.7144086021505376
q00127,0.6344086021505376,0.5244086021505376,0.7444086021505376
q00128,0.6344086021505376,0.5444086021505377,0.7244086021505376
q00129,0.4,0.34,0.46
q00130,0.4,0.34,0.46
q00131,0.4,0.33,0.47000000000000003
q00132,0.4,0.29000000000000004,0.51
q00133,0.4,0.34,0.46
q00134,0.4,0.34,0.46
q00135,0.1912878787878788,0.13128787878787881,0.25128787878787884
q00136,0.3550420168067227,0.2950420168067227,0.4150420168067227
q00137,0.1912878787878788,0.13128787878787881,0.25128787878787884
q00138,0.4295454545454546,0.3695454545454546,0.4895454545454546
q00139,0.4295454545454546,0.28954545454545466,0.5695454545454546
q00140,0.4295454545454546,0.3695454545454546,0.4895454545454546
q00141,0.12289156626506022,0.042891566265060216,0.20289156626506022
q00142,0.4,0.34,0.46
q00143,0.4,0.31,0.49000000000000005
q00144,0.16242661448140897,0.052426614481408965,0.272426614481409
q00145,0.16242661448140897,0.10242661448140897,0.22242661448140896
q00146,0.1912878787878788,0.11128787878787881,0.2712878787878788
q00147,0.12289156626506022,0.06289156626506022,0.1828915662650602
q00148,0.12289156626506022,0.002891566265060222,0.2428915662650602
q00149,0.12289156626506022,0.06289156626506022,0.1828915662650602
q00150,0.9722222222222222,0.8822222222222222,1.0
q00151,0.9722222222222222,0.9122222222222223,1.0
q00152,0.24113475177304963,0.16113475177304964,0.3211347517730496
q00153,0.3550420168067227,0.2850420168067227,0.4250420168067227
q00154,0.3550420168067227,0.2850420168067227,0.4250420168067227
q00155,0.3550420168067227,0.3150420168067227,0.3950420168067227
q00156,0.9565217391304348,0.8665217391304348,1.0
q00157,0.8571428571428571,0.8171428571428571,0.8971428571428571
q00158,0.9565217391304348,0.9165217391304348,0.9965217391304348
q00159,0.16242661448140897,0.07242661448140897,0.25242661448140896
q00160,0.12289156626506022,0.08289156626506022,0.1628915662650602
q00161,0.16242661448140897,0.12242661448140896,0.20242661448140897
q00162,0.12289156626506022,0.06289156626506022,0.1828915662650602
q00163,0.07560137457044673,0.015601374570446733,0.13560137457044674
q00164,0.12289156626506022,0.042891566265060216,0.20289156626506022
q00165,0.5222222222222223,0.4322222222222223,0.6122222222222222
q00166,0.4878048780487805,0.4478048780487805,0.5278048780487805
q00167,0.5222222222222223,0.4822222222222223,0.5622222222222223
q00168,0.1002710027100271,0.04027100271002711,0.1602710027100271
q00169,0.1002710027100271,0.0,0.2302710027100271
q00170,0.1002710027100271,0.0,0.2302710027100271
q00171,0.07560137457044673,0.015601374570446733,0.13560137457044674
q00172,0.3550420168067227,0.2750420168067227,0.4350420168067227
q00173,0.12289156626506022,0.06289156626506022,0.1828915662650602
q00174,0.24113475177304963,0.16113475177304964,0.3211347517730496
q00175,0.1912878787878788,0.13128787878787881,0.25128787878787884
q00176,0.1912878787878788,0.08128787878787881,0.3012878787878788
q00177,0.3550420168067227,0.2950420168067227,0.4150420168067227
q00178,0.4295454545454546,0.3495454545454546,0.5095454545454546
q00179,0.3550420168067227,0.2950420168067227,0.4150420168067227
q00180,0.4,0.29000000000000004,0.51
q00181,0.4,0.31,0.49000000000000005
q00182,0.25321888412017163,0.19321888412017163,0.3132188841201716
q00183,0.4878048780487805,0.4278048780487805,0.5478048780487805
q00184,0.4878048780487805,0.3778048780487805,0.5978048780487805
q00185,0.4295454545454546,0.3495454545454546,0.5095454545454546
q00186,0.7087378640776698,0.6287378640776699,0.7887378640776698
q00187,0.6344086021505376,0.5744086021505377,0.6944086021505376
q00188,0.7087378640776698,0.6487378640776698,0.7687378640776699
q00189,0.16242661448140897,0.08242661448140896,0.24242661448140895
q00190,0.1912878787878788,0.11128787878787881,0.2712878787878788
q00191,0.1912878787878788,0.06128787878787881,0.3212878787878788
q00192,0.4295454545454546,0.3695454545454546,0.4895454545454546
q00193,0.25490196078431376,0.17490196078431375,0.3349019607843138
q00194,0.4,0.26,0.54
q00195,0.12289156626506022,0.06289156626506022,0.1828915662650602
q00196,0.4295454545454546,0.3495454545454546,0.5095454545454546
q00197,0.16242661448140897,0.08242661448140896,0.24242661448140895
q00198,0.12289156626506022,0.06289156626506022,0.1828915662650602
q00199,0.07560137457044673,0.0,0.16560137457044674
q00200,0.07560137457044673,0.0,0.2156013745704467
q00201,0.12289156626506022,0.06289156626506022,0.1828915662650602
q00202,0.12289156626506022,0.08289156626506022,0.1628915662650602
q00203,0.12289156626506022,0.08289156626506022,0.1628915662650602
q00204,0.25321888412017163,0.16321888412017163,0.34321888412017165
q00205,0.25490196078431376,0.19490196078431377,0.31490196078431376
q00206,0.25490196078431376,0.21490196078431376,0.29490196078431374
q00207,0.1912878787878788,0.13128787878787881,0.25128787878787884
q00208,0.3550420168067227,0.2750420168067227,0.4350420168067227
q00209,0.22105263157894742,0.11105263157894742,0.33105263157894743
q00210,0.4295454545454546,0.38954545454545464,0.4695454545454546
q00211,0.3550420168067227,0.3150420168067227,0.3950420168067227
q00212,0.4295454545454546,0.3395454545454546,0.5195454545454546
q00213,0.12289156626506022,0.06289156626506022,0.1828915662650602
q00214,0.12289156626506022,0.06289156626506022,0.1828915662650602
q00215,0.12289156626506022,0.06289156626506022,0.1828915662650602
q00216,0.1912878787878788,0.13128787878787881,0.25128787878787884
q00217,0.25321888412017163,0.1632188841201716,0.34321888412017165
q00218,0.3550420168067227,0.2750420168067227,0.4350420168067227
q00219,0.5222222222222223,0.44222222222222224,0.6022222222222222
q00220,0.5222222222222223,0.46222222222222226,0.5822222222222222
q00221,0.17204301075268819,0.09204301075268818,0.2520430107526882
q00222,0.4,0.32,0.48000000000000004
q00223,0.4,0.34,0.46
q00224,0.4,0.29000000000000004,0.51
q00225,0.028077753779697623,0.0,0.08807775377969762
q00226,0.028077753779697623,0.0,0.06807775377969763
q00227,0.028077753779697623,0.0,0.06807775377969763
q00228,0.12289156626506022,0.06289156626506022,0.1828915662650602
q00229,0.06231454005934716,0.02231454005934716,0.10231454005934716
q00230,0.06231454005934716,0.02231454005934716,0.10231454005934716
q00231,0.09239130434782608,0.03239130434782608,0.15239130434782608
q00232,0.09239130434782608,0.03239130434782608,0.15239130434782608
q00233,0.09239130434782608,0.01239130434782608,0.17239130434782607
q00234,0.25321888412017163,0.21321888412017162,0.2932188841201716
q00235,0.25321888412017163,0.14321888412017164,0.3632188841201716
q00236,0.25321888412017163,0.19321888412017163,0.3132188841201716
q00237,0.1912878787878788,0.1512878787878788,0.23128787878787882
q00238,0.25490196078431376,0.21490196078431376,0.29490196078431374
q00239,0.1912878787878788,0.1512878787878788,0.23128787878787882
q00240,0.16242661448140897,0.12242661448140896,0.20242661448140897
q00241,0.16242661448140897,0.10242661448140897,0.22242661448140896
q00242,0.16242661448140897,0.12242661448140896,0.20242661448140897
q00243,0.3550420168067227,0.3150420168067227,0.3950420168067227
q00244,0.25321888412017163,0.21321888412017162,0.2932188841201716
q00245,0.3550420168067227,0.3150420168067227,0.3950420168067227
q00246,0.12289156626506022,0.08289156626506022,0.1628915662650602
q00247,0.12289156626506022,0.03289156626506022,0.21289156626506023
q00248,0.1912878787878788,0.1512878787878788,0.23128787878787882
q00249,0.06345177664974619,0.003451776649746191,0.12345177664974619
q00250,0.06231454005934716,0.02231454005934716,0.10231454005934716
q00251,0.06231454005934716,0.02231454005934716,0.10231454005934716
q00252,0.4295454545454546,0.3695454545454546,0.4895454545454546
q00253,0.3550420168067227,0.3150420168067227,0.3950420168067227
q00254,0.4295454545454546,0.3595454545454546,0.4995454545454546
q00255,0.12289156626506022,0.08289156626506022,0.1628915662650602
q00256,0.12289156626506022,0.03289156626506022,0.21289156626506023
q00257,0.12289156626506022,0.08289156626506022,0.1628915662650602
q00258,0.3550420168067227,0.2750420168067227,0.4350420168067227
q00259,0.25490196078431376,0.19490196078431377,0.31490196078431376
q00260,0.25490196078431376,0.19490196078431377,0.31490196078431376
q00261,0.9722222222222222,0.9122222222222223,1.0
q00262,0.9722222222222222,0.8922222222222222,1.0
q00263,0.9722222222222222,0.9122222222222223,1.0
q00264,0.1912878787878788,0.1512878787878788,0.23128787878787882
q00265,0.4878048780487805,0.4278048780487805,0.5478048780487805
q00266,0.16242661448140897,0.12242661448140896,0.20242661448140897
q00267,0.06231454005934716,0.02231454005934716,0.10231454005934716
q00268,0.16242661448140897,0.10242661448140897,0.22242661448140896
q00269,0.06231454005934716,0.02231454005934716,0.10231454005934716
q00270,0.12289156626506022,0.03289156626506022,0.21289156626506023
q00271,0.12289156626506022,0.08289156626506022,0.1628915662650602
q00272,0.12289156626506022,0.03289156626506022,0.21289156626506023
q00273,0.07560137457044673,0.03560137457044673,0.11560137457044672
q00274,0.07560137457044673,0.03560137457044673,0.11560137457044672
q00275,0.07560137457044673,0.0,0.1656013745704467
q00276,0.16242661448140897,0.10242661448140897,0.22242661448140896
q00277,0.12289156626506022,0.08289156626506022,0.1628915662650602
q00278,0.12289156626506022,0.03289156626506022,0.21289156626506023
q00279,0.1912878787878788,0.1512878787878788,0.23128787878787882
q00280,0.1912878787878788,0.13128787878787881,0.25128787878787884
q00281,0.1912878787878788,0.07128787878787882,0.3112878787878788
q00282,0.3550420168067227,0.2650420168067227,0.44504201680672273
q00283,0.1912878787878788,0.13128787878787881,0.25128787878787884
q00284,0.22105263157894742,0.16105263157894742,0.28105263157894744
q00285,0.06345177664974619,0.023451776649746188,0.1034517766497462
q00286,0.06345177664974619,0.003451776649746191,0.12345177664974619
q00287,0.12289156626506022,0.08289156626506022,0.1628915662650602
q00288,0.06345177664974619,0.023451776649746188,0.1034517766497462
q00289,0.09239130434782608,0.022391304347826074,0.1623913043478261
q00290,0.06345177664974619,0.023451776649746188,0.1034517766497462
q00291,0.25321888412017163,0.19321888412017163,0.3132188841201716
q00292,0.24113475177304963,0.20113475177304962,0.28113475177304964
q00293,0.16242661448140897,0.10242661448140897,0.22242661448140896
q00294,0.4295454545454546,0.3395454545454546,0.5195454545454546
q00295,0.4295454545454546,0.3395454545454546,0.5195454545454546
q00296,0.4,0.34,0.46
q00297,0.8367346938775511,0.776734693877551,0.8967346938775511
q00298,0.8367346938775511,0.776734693877551,0.8967346938775511
q00299,0.4295454545454546,0.3495454545454546,0.5095454545454546
q00300,0.06231454005934716,0.0,0.13231454005934717
q00301,0.051490514905149054,0.0,0.14149051490514905
q00302,0.06345177664974619,0.003451776649746191,0.12345177664974619
q00303,0.12289156626506022,0.08289156626506022,0.1628915662650602
q00304,0.1002710027100271,0.04027100271002711,0.1602710027100271
q00305,0.12289156626506022,0.012891566265060217,0.23289156626506022
q00306,0.5222222222222223,0.4322222222222223,0.6122222222222222
q00307,0.6344086021505376,0.5944086021505376,0.6744086021505377
q00308,0.5222222222222223,0.4322222222222223,0.6122222222222222
q00309,0.4878048780487805,0.4278048780487805,0.5478048780487805
q00310,0.4878048780487805,0.4278048780487805,0.5478048780487805
q00311,0.4878048780487805,0.4278048780487805,0.5478048780487805
q00312,0.1002710027100271,0.0,0.2102710027100271
q00313,0.1002710027100271,0.030271002710027098,0.1702710027100271
q00314,0.1002710027100271,0.060271002710027104,0.1402710027100271
q00315,0.6344086021505376,0.5244086021505376,0.7444086021505376
q00316,0.6344086021505376,0.5744086021505377,0.6944086021505376
q00317,0.6344086021505376,0.5244086021505376,0.7444086021505376
q00318,0.4295454545454546,0.3495454545454546,0.5095454545454546
q00319,0.4878048780487805,0.4278048780487805,0.5478048780487805
q00320,0.4878048780487805,0.4278048780487805,0.5478048780487805
q00321,0.1912878787878788,0.13128787878787881,0.25128787878787884
q00322,0.16242661448140897,0.12242661448140896,0.20242661448140897
q00323,0.17204301075268819,0.13204301075268818,0.2120430107526882
q00324,0.06345177664974619,0.003451776649746191,0.12345177664974619
q00325,0.07560137457044673,0.005601374570446724,0.14560137457044675
q00326,0.06345177664974619,0.023451776649746188,0.1034517766497462
q00327,0.17204301075268819,0.13204301075268818,0.2120430107526882
q00328,0.1002710027100271,0.0,0.2202710027100271
q00329,0.16242661448140897,0.12242661448140896,0.20242661448140897
q00330,0.8367346938775511,0.776734693877551,0.8967346938775511
q00331,0.8367346938775511,0.776734693877551,0.8967346938775511
q00332,0.6875,0.6075,0.7675
q00333,0.3550420168067227,0.3150420168067227,0.3950420168067227
q00334,0.25321888412017163,0.16321888412017163,0.34321888412017165
q00335,0.25490196078431376,0.18490196078431376,0.32490196078431377
q00336,0.3550420168067227,0.2950420168067227,0.4150420168067227
q00337,0.4295454545454546,0.3495454545454546,0.5095454545454546
q00338,0.4295454545454546,0.28954545454545466,0.5695454545454546
q00339,0.4295454545454546,0.3095454545454546,0.5495454545454546
q00340,0.4,0.34,0.46
q00341,0.4,0.34,0.46
q00342,0.1912878787878788,0.13128787878787881,0.25128787878787884
q00343,0.1912878787878788,0.11128787878787881,0.2712878787878788
q00344,0.24113475177304963,0.18113475177304963,0.3011347517730496
q00345,0.4295454545454546,0.31954545454545463,0.5395454545454547
q00346,0.4295454545454546,0.3695454545454546,0.4895454545454546
q00347,0.4295454545454546,0.3495454545454546,0.5095454545454546
q00348,0.16242661448140897,0.10242661448140897,0.22242661448140896
q00349,0.16242661448140897,0.09242661448140896,0.23242661448140897
q00350,0.16242661448140897,0.12242661448140896,0.20242661448140897
q00351,0.12289156626506022,0.05289156626506021,0.1928915662650602
q00352,0.12289156626506022,0.06289156626506022,0.1828915662650602
q00353,0.1002710027100271,0.060271002710027104,0.1402710027100271
q00354,0.06345177664974619,0.003451776649746191,0.12345177664974619
q00355,0.06231454005934716,0.002314540059347163,0.12231454005934717
q00356,0.06345177664974619,0.023451776649746188,0.1034517766497462
q00357,0.12289156626506022,0.042891566265060216,0.20289156626506022
q00358,0.16242661448140897,0.10242661448140897,0.22242661448140896
q00359,0.12289156626506022,0.042891566265060216,0.20289156626506022
q00360,0.3550420168067227,0.2950420168067227,0.4150420168067227
q00361,0.3550420168067227,0.2850420168067227,0.4250420168067227
q00362,0.3550420168067227,0.2950420168067227,0.4150420168067227
q00363,0.16242661448140897,0.052426614481408965,0.272426614481409
q00364,0.12289156626506022,0.06289156626506022,0.1828915662650602
q00365,0.12289156626506022,0.012891566265060217,0.23289156626506022
q00366,0.16242661448140897,0.10242661448140897,0.22242661448140896
q00367,0.7087378640776698,0.6687378640776698,0.7487378640776698
q00368,0.7087378640776698,0.6687378640776698,0.7487378640776698
q00369,0.06345177664974619,0.003451776649746191,0.12345177664974619
q00370,0.16242661448140897,0.08242661448140896,0.24242661448140895
q00371,0.0625,0.0,0.14250000000000002
q00372,0.051490514905149054,0.0,0.17149051490514905
q00373,0.051490514905149054,0.011490514905149053,0.09149051490514906
q00374,0.051490514905149054,0.011490514905149053,0.09149051490514906
q00375,0.7087378640776698,0.6487378640776698,0.7687378640776699
q00376,0.6344086021505376,0.5744086021505377,0.6944086021505376
q00377,0.5222222222222223,0.44222222222222224,0.6022222222222222
q00378,0.25490196078431376,0.19490196078431377,0.31490196078431376
q00379,0.3550420168067227,0.2950420168067227,0.4150420168067227
q00380,0.3550420168067227,0.2950420168067227,0.4150420168067227
q00381,0.4295454545454546,0.38954545454545464,0.4695454545454546
q00382,0.7087378640776698,0.6487378640776698,0.7687378640776699
q00383,0.16242661448140897,0.10242661448140897,0.22242661448140896
q00384,0.0625,0.0225,0.10250000000000001
q00385,0.06231454005934716,0.02231454005934716,0.10231454005934716
q00386,0.0625,0.0225,0.10250000000000001
q00387,0.4,0.36000000000000004,0.44
q00388,0.4,0.36000000000000004,0.44
q00389,0.4,0.29000000000000004,0.51
q00390,0.051490514905149054,0.011490514905149053,0.09149051490514906
q00391,0.051490514905149054,0.011490514905149053,0.09149051490514906
q00392,0.051490514905149054,0.0,0.11149051490514905
q00393,0.06231454005934716,0.02231454005934716,0.10231454005934716
q00394,0.051490514905149054,0.0,0.14149051490514905
q00395,0.051490514905149054,0.0,0.12149051490514906
q00396,0.1912878787878788,0.1512878787878788,0.23128787878787882
q00397,0.1912878787878788,0.1512878787878788,0.23128787878787882
q00398,0.1912878787878788,0.1212878787878788,0.26128787878787885
q00399,0.3550420168067227,0.2750420168067227,0.4350420168067227
q00400,0.3550420168067227,0.2950420168067227,0.4150420168067227
q00401,0.25490196078431376,0.19490196078431377,0.31490196078431376
q00402,0.4295454545454546,0.3495454545454546,0.5095454545454546
q00403,0.3550420168067227,0.2950420168067227,0.4150420168067227
q00404,0.4295454545454546,0.3495454545454546,0.5095454545454546
q00405,0.06345177664974619,0.0,0.15345177664974619
q00406,0.06231454005934716,0.0,0.14231454005934716
q00407,0.06345177664974619,0.003451776649746191,0.12345177664974619
q00408,0.1912878787878788,0.1512878787878788,0.23128787878787882
q00409,0.25321888412017163,0.21321888412017162,0.2932188841201716
q00410,0.3550420168067227,0.2950420168067227,0.4150420168067227
q00411,0.12289156626506022,0.042891566265060216,0.20289156626506022
q00412,0.16242661448140897,0.10242661448140897,0.22242661448140896
q00413,0.12289156626506022,0.0,0.2628915662650602
q00414,0.17204301075268819,0.11204301075268819,0.23204301075268818
q00415,0.051490514905149054,0.011490514905149053,0.09149051490514906
q00416,0.051490514905149054,0.0,0.11149051490514905
q00417,0.22105263157894742,0.14105263157894743,0.3010526315789474
q00418,0.24113475177304963,0.16113475177304964,0.3211347517730496
q00419,0.22105263157894742,0.11105263157894742,0.33105263157894743
q00420,0.4,0.34,0.46
q00421,0.3550420168067227,0.2750420168067227,0.4350420168067227
q00422,0.4295454545454546,0.3495454545454546,0.5095454545454546
q00423,0.9899002591123007,0.9299002591123007,1.0
q00424,1.0,0.94,1.0
q00425,1.0,0.91,1.0
q00426,0.4295454545454546,0.38954545454545464,0.4695454545454546
q00427,0.4295454545454546,0.3095454545454546,0.5495454545454546
q00428,0.4295454545454546,0.3695454545454546,0.4895454545454546
q00429,0.12289156626506022,0.06289156626506022,0.1828915662650602
q00430,0.1002710027100271,0.04027100271002711,0.1602710027100271
q00431,0.029411764705882353,0.0,0.11941176470588236
q00432,0.4295454545454546,0.3695454545454546,0.4895454545454546
q00433,0.4295454545454546,0.38954545454545464,0.4695454545454546
q00434,0.4878048780487805,0.4278048780487805,0.5478048780487805
q00435,0.09239130434782608,0.05239130434782608,0.1323913043478261
q00436,0.25321888412017163,0.19321888412017163,0.3132188841201716
q00437,0.07560137457044673,0.015601374570446733,0.13560137457044674
q00438,0.1912878787878788,0.13128787878787881,0.25128787878787884
q00439,0.16242661448140897,0.10242661448140897,0.22242661448140896
q00440,0.12289156626506022,0.06289156626506022,0.1828915662650602
q00441,0.4295454545454546,0.3495454545454546,0.5095454545454546
q00442,0.4295454545454546,0.3695454545454546,0.4895454545454546
q00443,0.4295454545454546,0.3495454545454546,0.5095454545454546
q00444,0.5222222222222223,0.46222222222222226,0.5822222222222222
q00445,0.5222222222222223,0.44222222222222224,0.6022222222222222
q00446,0.5222222222222223,0.43222222222222223,0.6122222222222222
q00447,0.22580645161290322,0.16580645161290322,0.2858064516129032
q00448,0.22580645161290322,0.16580645161290322,0.2858064516129032
q00449,0.22105263157894742,0.14105263157894743,0.3010526315789474
q00450,0.4878048780487805,0.4478048780487805,0.5278048780487805
q00451,0.4878048780487805,0.4478048780487805,0.5278048780487805
q00452,0.4295454545454546,0.38954545454545464,0.4695454545454546
q00453,0.4295454545454546,0.3695454545454546,0.4895454545454546
q00454,0.4295454545454546,0.3495454545454546,0.5095454545454546
q00455,0.6344086021505376,0.5544086021505377,0.7144086021505376
q00456,0.051490514905149054,0.011490514905149053,0.09149051490514906
q00457,0.07560137457044673,0.015601374570446733,0.13560137457044674
q00458,0.051490514905149054,0.0,0.14149051490514905
q00459,0.4,0.34,0.46
q00460,0.4,0.32,0.48000000000000004
q00461,0.4,0.27,0.53
q00462,0.4,0.34,0.46
q00463,0.25321888412017163,0.21321888412017162,0.2932188841201716
q00464,0.3550420168067227,0.2950420168067227,0.4150420168067227
q00465,0.051490514905149054,0.011490514905149053,0.09149051490514906
q00466,0.028077753779697623,0.0,0.11807775377969762
q00467,0.028077753779697623,0.0,0.1380777537796976
q00468,0.1912878787878788,0.13128787878787881,0.25128787878787884
q00469,0.1912878787878788,0.1512878787878788,0.23128787878787882
q00470,0.1912878787878788,0.1512878787878788,0.23128787878787882
q00471,0.12289156626506022,0.08289156626506022,0.1628915662650602
q00472,0.12289156626506022,0.08289156626506022,0.1628915662650602
q00473,0.12289156626506022,0.06289156626506022,0.1828915662650602
q00474,0.12289156626506022,0.012891566265060217,0.23289156626506022
q00475,0.12289156626506022,0.08289156626506022,0.1628915662650602
q00476,0.12289156626506022,0.03289156626506022,0.21289156626506023
q00477,0.07560137457044673,0.0,0.15560137457044673
q00478,0.028077753779697623,0.0,0.10807775377969762
q00479,0.12289156626506022,0.0,0.2528915662650602
q00480,0.12289156626506022,0.042891566265060216,0.20289156626506022
q00481,0.16242661448140897,0.08242661448140896,0.24242661448140895
q00482,0.3550420168067227,0.2950420168067227,0.4150420168067227
q00483,0.4,0.29000000000000004,0.51
q00484,0.4295454545454546,0.3695454545454546,0.4895454545454546
q00485,0.4,0.34,0.46
q00486,0.5222222222222223,0.4822222222222223,0.5622222222222223
q00487,0.4,0.36000000000000004,0.44
q00488,0.24113475177304963,0.20113475177304962,0.28113475177304964
q00489,0.3550420168067227,0.2750420168067227,0.4350420168067227
q00490,0.4295454545454546,0.3695454545454546,0.4895454545454546
q00491,0.4,0.34,0.46
q00492,0.17204301075268819,0.13204301075268818,0.2120430107526882
q00493,0.17204301075268819,0.13204301075268818,0.2120430107526882
q00494,0.1002710027100271,0.04027100271002711,0.1602710027100271
q00495,0.4,0.32,0.48000000000000004
q00496,0.4295454545454546,0.3495454545454546,0.5095454545454546
q00497,0.5222222222222223,0.41222222222222227,0.6322222222222222
q00498,0.051490514905149054,0.0,0.11149051490514905
q00499,0.029411764705882353,0.0,0.09941176470588237
q00500,0.028077753779697623,0.0,0.08807775377969762
q00501,0.4295454545454546,0.3495454545454546,0.5095454545454546
q00502,0.16242661448140897,0.07242661448140895,0.25242661448140896
q00503,0.16242661448140897,0.07242661448140895,0.25242661448140896
q00504,0.16242661448140897,0.08242661448140896,0.24242661448140895
q00505,0.16242661448140897,0.10242661448140897,0.22242661448140896
q00506,0.17204301075268819,0.11204301075268819,0.23204301075268818
q00507,0.25490196078431376,0.14490196078431378,0.36490196078431375
q00508,0.25490196078431376,0.14490196078431378,0.36490196078431375
q00509,0.5222222222222223,0.44222222222222224,0.6022222222222222
q00510,0.1912878787878788,0.1512878787878788,0.23128787878787882
q00511,0.1912878787878788,0.08128787878787881,0.3012878787878788
q00512,0.1912878787878788,0.1512878787878788,0.23128787878787882
q00513,0.051490514905149054,0.0,0.14149051490514905
q00514,0.051490514905149054,0.0,0.12149051490514906
q00515,0.051490514905149054,0.0,0.17149051490514905
q00516,0.4878048780487805,0.4278048780487805,0.5478048780487805
q00517,0.4295454545454546,0.38954545454545464,0.4695454545454546
q00518,0.4878048780487805,0.3978048780487805,0.5778048780487804
q00519,0.1002710027100271,0.060271002710027104,0.1402710027100271
q00520,0.1002710027100271,0.010271002710027108,0.19027100271002712
q00521,0.12289156626506022,0.08289156626506022,0.1628915662650602
q00522,0.38461538461538464,0.27461538461538465,0.4946153846153846
q00523,0.4,0.36000000000000004,0.44
q00524,0.1912878787878788,0.1512878787878788,0.23128787878787882
q00525,0.1912878787878788,0.13128787878787881,0.25128787878787884
q00526,0.16242661448140897,0.08242661448140896,0.24242661448140895
q00527,0.22580645161290322,0.16580645161290322,0.2858064516129032
q00528,0.1912878787878788,0.1512878787878788,0.23128787878787882
q00529,0.17204301075268819,0.11204301075268819,0.23204301075268818
q00530,0.09239130434782608,0.05239130434782608,0.1323913043478261
q00531,0.07560137457044673,0.03560137457044673,0.11560137457044672
q00532,0.07560137457044673,0.03560137457044673,0.11560137457044672
q00533,0.07560137457044673,0.005601374570446724,0.14560137457044675
q00534,0.25321888412017163,0.19321888412017163,0.3132188841201716
q00535,0.22580645161290322,0.14580645161290323,0.3058064516129032
q00536,0.24113475177304963,0.13113475177304962,0.35113475177304965
q00537,0.3550420168067227,0.3150420168067227,0.3950420168067227
q00538,0.3550420168067227,0.3150420168067227,0.3950420168067227
q00539,0.25321888412017163,0.16321888412017163,0.34321888412017165
q00540,0.4295454545454546,0.38954545454545464,0.4695454545454546
q00541,0.4295454545454546,0.38954545454545464,0.4695454545454546
q00542,0.5222222222222223,0.46222222222222226,0.5822222222222222
q00543,0.1912878787878788,0.08128787878787881,0.3012878787878788
q00544,0.1912878787878788,0.08128787878787881,0.3012878787878788
q00545,0.1912878787878788,0.13128787878787881,0.25128787878787884
q00546,0.1912878787878788,0.1512878787878788,0.23128787878787882
q00547,0.1912878787878788,0.1512878787878788,0.23128787878787882
q00548,0.1912878787878788,0.1512878787878788,0.23128787878787882
q00549,0.06345177664974619,0.023451776649746188,0.1034517766497462
q00550,0.06231454005934716,0.02231454005934716,0.10231454005934716
q00551,0.06231454005934716,0.02231454005934716,0.10231454005934716
q00552,0.051490514905149054,0.0,0.19149051490514907
q00553,0.051490514905149054,0.011490514905149053,0.09149051490514906
q00554,0.051490514905149054,0.0,0.11149051490514905
q00555,0.09239130434782608,0.05239130434782608,0.1323913043478261
q00556,0.07560137457044673,0.0,0.1656013745704467
q00557,0.051490514905149054,0.011490514905149053,0.09149051490514906
q00558,0.4,0.33,0.47000000000000003
q00559,0.4,0.36000000000000004,0.44
q00560,0.22105263157894742,0.1810526315789474,0.2610526315789474
q00561,0.4295454545454546,0.3695454545454546,0.4895454545454546
q00562,0.4295454545454546,0.38954545454545464,0.4695454545454546
q00563,0.4295454545454546,0.38954545454545464,0.4695454545454546
q00564,0.028077753779697623,0.0,0.06807775377969763
q00565,0.028077753779697623,0.0,0.11807775377969762
q00566,0.028077753779697623,0.0,0.06807775377969763
q00567,0.1912878787878788,0.1512878787878788,0.23128787878787882
q00568,0.16242661448140897,0.10242661448140897,0.22242661448140896
q00569,0.16242661448140897,0.07242661448140897,0.25242661448140896
q00570,0.4295454545454546,0.3495454545454546,0.5095454545454546
q00571,0.3550420168067227,0.2750420168067227,0.4350420168067227
q00572,0.4295454545454546,0.28954545454545466,0.5695454545454546
q00573,0.3550420168067227,0.2950420168067227,0.4150420168067227
q00574,0.3550420168067227,0.2250420168067227,0.4850420168067227
q00575,0.3550420168067227,0.2650420168067227,0.44504201680672273
q00576,0.12289156626506022,0.06289156626506022,0.1828915662650602
q00577,0.12289156626506022,0.042891566265060216,0.20289156626506022
q00578,0.12289156626506022,0.06289156626506022,0.1828915662650602
q00579,0.028077753779697623,0.0,0.06807775377969763
q00580,0.028077753779697623,0.0,0.09807775377969763
q00581,0.028077753779697623,0.0,0.08807775377969762
q00582,0.12289156626506022,0.08289156626506022,0.1628915662650602
q00583,0.12289156626506022,0.08289156626506022,0.1628915662650602
q00584,0.16242661448140897,0.10242661448140897,0.22242661448140896
q00585,0.861478828154347,0.791478828154347,0.9314788281543469
q00586,0.7087378640776698,0.6687378640776698,0.7487378640776698
q00587,0.7087378640776698,0.6387378640776697,0.7787378640776699
q00588,0.07560137457044673,0.03560137457044673,0.11560137457044672
q00589,0.09239130434782608,0.05239130434782608,0.1323913043478261
q00590,0.06345177664974619,0.023451776649746188,0.1034517766497462
q00591,0.1002710027100271,0.060271002710027104,0.1402710027100271
q00592,0.1002710027100271,0.060271002710027104,0.1402710027100271
q00593,0.1002710027100271,0.0,0.2102710027100271
q00594,0.12289156626506022,0.042891566265060216,0.20289156626506022
q00595,0.07560137457044673,0.015601374570446733,0.13560137457044674
q00596,0.16242661448140897,0.08242661448140896,0.24242661448140895
q00597,0.06345177664974619,0.003451776649746191,0.12345177664974619
q00598,0.07560137457044673,0.0,0.20560137457044675
q00599,0.07560137457044673,0.0,0.15560137457044673
q00600,0.3550420168067227,0.2950420168067227,0.4150420168067227
q00601,0.4,0.34,0.46
q00602,0.3550420168067227,0.24504201680672272,0.4650420168067227
q00603,0.4878048780487805,0.3578048780487805,0.6178048780487805
q00604,0.4878048780487805,0.4278048780487805,0.5478048780487805
q00605,0.5222222222222223,0.44222222222222224,0.6022222222222222
q00606,0.7087378640776698,0.6487378640776698,0.7687378640776699
q00607,0.7087378640776698,0.5987378640776698,0.8187378640776698
q00608,0.6344086021505376,0.5544086021505377,0.7144086021505376
q00609,0.25321888412017163,0.21321888412017162,0.2932188841201716
q00610,0.25321888412017163,0.21321888412017162,0.2932188841201716
q00611,0.25321888412017163,0.16321888412017163,0.34321888412017165
q00612,0.0,0.0,0.07
q00613,0.0,0.0,0.09
q00614,0.028077753779697623,0.0,0.08807775377969762
q00615,0.9565217391304348,0.8965217391304348,1.0
q00616,0.8367346938775511,0.7567346938775511,0.916734693877551
q00617,0.9722222222222222,0.8822222222222222,1.0
q00618,0.06345177664974619,0.003451776649746191,0.12345177664974619
q00619,0.06345177664974619,0.023451776649746188,0.1034517766497462
q00620,0.09239130434782608,0.05239130434782608,0.1323913043478261
q00621,0.3550420168067227,0.2950420168067227,0.4150420168067227
q00622,0.3550420168067227,0.24504201680672272,0.4650420168067227
q00623,0.25490196078431376,0.19490196078431377,0.31490196078431376
q00624,0.5222222222222223,0.46222222222222226,0.5822222222222222
q00625,0.5222222222222223,0.46222222222222226,0.5822222222222222
q00626,0.5222222222222223,0.41222222222222227,0.6322222222222222
q00627,0.1912878787878788,0.13128787878787881,0.25128787878787884
q00628,0.12289156626506022,0.06289156626506022,0.1828915662650602
q00629,0.12289156626506022,0.06289156626506022,0.1828915662650602
q00630,0.22580645161290322,0.14580645161290323,0.3058064516129032
q00631,0.25321888412017163,0.19321888412017163,0.3132188841201716
q00632,0.16242661448140897,0.08242661448140896,0.24242661448140895
q00633,0.9130434782608695,0.8530434782608696,0.9730434782608695
q00634,0.9565217391304348,0.8465217391304348,1.0
q00635,0.9565217391304348,0.8765217391304349,1.0
q00636,0.4,0.33,0.47000000000000003
q00637,0.4,0.33,0.47000000000000003
q00638,0.1912878787878788,0.1512878787878788,0.23128787878787882
q00639,0.4295454545454546,0.3695454545454546,0.4895454545454546
q00640,0.4295454545454546,0.31954545454545463,0.5395454545454547
q00641,0.4,0.32,0.48000000000000004
q00642,0.24113475177304963,0.11113475177304963,0.37113475177304966
q00643,0.24113475177304963,0.18113475177304963,0.3011347517730496
q00644,0.22105263157894742,0.11105263157894742,0.33105263157894743
q00645,0.09239130434782608,0.05239130434782608,0.1323913043478261
q00646,0.09239130434782608,0.05239130434782608,0.1323913043478261
q00647,0.07560137457044673,0.015601374570446733,0.13560137457044674
q00648,0.4295454545454546,0.3495454545454546,0.5095454545454546
q00649,0.16242661448140897,0.08242661448140896,0.24242661448140895
q00650,0.4,0.34,0.46
q00651,0.7087378640776698,0.6487378640776698,0.7687378640776699
q00652,0.7087378640776698,0.5887378640776698,0.8287378640776698
q00653,0.6344086021505376,0.5944086021505376,0.6744086021505377
q00654,0.16242661448140897,0.10242661448140897,0.22242661448140896
q00655,0.24113475177304963,0.12113475177304964,0.36113475177304966
q00656,0.24113475177304963,0.18113475177304963,0.3011347517730496
q00657,0.12289156626506022,0.002891566265060222,0.2428915662650602
q00658,0.12289156626506022,0.06289156626506022,0.1828915662650602
q00659,0.12289156626506022,0.06289156626506022,0.1828915662650602
q00660,0.09239130434782608,0.03239130434782608,0.15239130434782608
q00661,0.09239130434782608,0.01239130434782608,0.17239130434782607
q00662,0.1002710027100271,0.04027100271002711,0.1602710027100271
q00663,0.4295454545454546,0.38954545454545464,0.4695454545454546
q00664,0.4878048780487805,0.3978048780487805,0.5778048780487804
q00665,0.4295454545454546,0.3395454545454546,0.5195454545454546
q00666,0.4295454545454546,0.31954545454545463,0.5395454545454547
q00667,0.8367346938775511,0.7567346938775511,0.916734693877551
q00668,0.4878048780487805,0.4278048780487805,0.5478048780487805
q00669,0.25321888412017163,0.21321888412017162,0.2932188841201716
q00670,0.25490196078431376,0.18490196078431376,0.32490196078431377
q00671,0.25321888412017163,0.21321888412017162,0.2932188841201716
q00672,0.12289156626506022,0.012891566265060217,0.23289156626506022
q00673,0.12289156626506022,0.042891566265060216,0.20289156626506022
q00674,0.12289156626506022,0.06289156626506022,0.1828915662650602
q00675,0.12289156626506022,0.03289156626506022,0.21289156626506023
q00676,0.1002710027100271,0.060271002710027104,0.1402710027100271
q00677,0.12289156626506022,0.08289156626506022,0.1628915662650602
q00678,0.6344086021505376,0.5444086021505377,0.7244086021505376
q00679,0.4295454545454546,0.3695454545454546,0.4895454545454546
q00680,0.6344086021505376,0.5744086021505377,0.6944086021505376
q00681,0.12289156626506022,0.08289156626506022,0.1628915662650602
q00682,0.1912878787878788,0.13128787878787881,0.25128787878787884
q00683,0.12289156626506022,0.06289156626506022,0.1828915662650602
q00684,0.4295454545454546,0.38954545454545464,0.4695454545454546
q00685,0.8367346938775511,0.776734693877551,0.8967346938775511
q00686,0.4295454545454546,0.38954545454545464,0.4695454545454546
q00687,0.25321888412017163,0.21321888412017162,0.2932188841201716
q00688,0.22105263157894742,0.0810526315789474,0.3610526315789474
q00689,0.1912878787878788,0.10128787878787882,0.2812878787878788
q00690,0.06231454005934716,0.0,0.13231454005934717
q00691,0.1002710027100271,0.04027100271002711,0.1602710027100271
q00692,0.06231454005934716,0.02231454005934716,0.10231454005934716
q00693,0.1002710027100271,0.020271002710027103,0.1802710027100271
q00694,0.09239130434782608,0.03239130434782608,0.15239130434782608
q00695,0.06345177664974619,0.0,0.14345177664974618
q00696,0.3550420168067227,0.2750420168067227,0.4350420168067227
q00697,0.4,0.26,0.54
q00698,0.4,0.32,0.48000000000000004
q00699,0.5222222222222223,0.43222222222222223,0.6122222222222222
q00700,0.5222222222222223,0.44222222222222224,0.6022222222222222
q00701,0.6344086021505376,0.5544086021505377,0.7144086021505376
q00702,0.3550420168067227,0.2950420168067227,0.4150420168067227
q00703,0.3550420168067227,0.2950420168067227,0.4150420168067227
q00704,0.3550420168067227,0.24504201680672272,0.4650420168067227
q00705,0.1912878787878788,0.13128787878787881,0.25128787878787884
q00706,0.1912878787878788,0.13128787878787881,0.25128787878787884
q00707,0.1912878787878788,0.13128787878787881,0.25128787878787884
q00708,0.4295454545454546,0.3695454545454546,0.4895454545454546
q00709,0.4,0.34,0.46
q00710,0.4,0.36000000000000004,0.44
q00711,0.12289156626506022,0.06289156626506022,0.1828915662650602
q00712,0.12289156626506022,0.05289156626506021,0.1928915662650602
q00713,0.12289156626506022,0.08289156626506022,0.1628915662650602
q00714,0.06231454005934716,0.0,0.13231454005934717
q00715,0.06231454005934716,0.0,0.15231454005934716
q00716,0.06231454005934716,0.02231454005934716,0.10231454005934716
q00717,0.07560137457044673,0.015601374570446733,0.13560137457044674
q00718,0.1002710027100271,0.04027100271002711,0.1602710027100271
q00719,0.07560137457044673,0.0,0.18560137457044673
q00720,0.8571428571428571,0.7971428571428572,0.917142857142857
q00721,0.7087378640776698,0.6287378640776699,0.7887378640776698
q00722,0.7087378640776698,0.6287378640776699,0.7887378640776698
q00723,0.06345177664974619,0.0,0.15345177664974619
q00724,0.06345177664974619,0.0,0.18345177664974618
q00725,0.06345177664974619,0.003451776649746191,0.12345177664974619
q00726,0.22580645161290322,0.1558064516129032,0.2958064516129032
q00727,0.22580645161290322,0.1858064516129032,0.2658064516129032
q00728,0.22580645161290322,0.16580645161290322,0.2858064516129032
q00729,0.25321888412017163,0.19321888412017163,0.3132188841201716
q00730,0.3550420168067227,0.2950420168067227,0.4150420168067227
q00731,0.25490196078431376,0.21490196078431376,0.29490196078431374
q00732,0.9130434782608695,0.8030434782608695,1.0
q00733,0.9130434782608695,0.7830434782608695,1.0
q00734,0.9130434782608695,0.8530434782608696,0.9730434782608695
q00735,0.12289156626506022,0.06289156626506022,0.1828915662650602
q00736,0.12289156626506022,0.06289156626506022,0.1828915662650602
q00737,0.12289156626506022,0.06289156626506022,0.1828915662650602
q00738,0.25321888412017163,0.19321888412017163,0.3132188841201716
q00739,0.1912878787878788,0.08128787878787881,0.3012878787878788
q00740,0.1912878787878788,0.13128787878787881,0.25128787878787884
q00741,0.22105263157894742,0.16105263157894742,0.28105263157894744
q00742,0.25321888412017163,0.19321888412017163,0.3132188841201716
q00743,0.25321888412017163,0.14321888412017164,0.3632188841201716
q00744,0.16242661448140897,0.10242661448140897,0.22242661448140896
q00745,0.16242661448140897,0.10242661448140897,0.22242661448140896
q00746,0.16242661448140897,0.10242661448140897,0.22242661448140896
q00747,0.12289156626506022,0.03289156626506022,0.21289156626506023
q00748,0.12289156626506022,0.06289156626506022,0.1828915662650602
q00749,0.12289156626506022,0.03289156626506022,0.21289156626506023
q00750,0.4295454545454546,0.3495454545454546,0.5095454545454546
q00751,0.4,0.34,0.46
q00752,0.4,0.32,0.48000000000000004
q00753,0.051490514905149054,0.011490514905149053,0.09149051490514906
q00754,0.051490514905149054,0.011490514905149053,0.09149051490514906
q00755,0.051490514905149054,0.0,0.14149051490514905
q00756,0.25321888412017163,0.14321888412017164,0.3632188841201716
q00757,0.25321888412017163,0.11321888412017164,0.3932188841201716
q00758,0.25490196078431376,0.17490196078431375,0.3349019607843138
q00759,0.4878048780487805,0.4278048780487805,0.5478048780487805
q00760,0.4295454545454546,0.3695454545454546,0.4895454545454546
q00761,0.7226491652811462,0.6326491652811462,0.8126491652811462
q00762,0.16242661448140897,0.08242661448140896,0.24242661448140895
q00763,0.07560137457044673,0.015601374570446733,0.13560137457044674
q00764,0.12289156626506022,0.042891566265060216,0.20289156626506022
q00765,0.12289156626506022,0.0,0.2528915662650602
q00766,0.12289156626506022,0.03289156626506021,0.21289156626506023
q00767,0.12289156626506022,0.03289156626506021,0.21289156626506023
q00768,0.6344086021505376,0.5944086021505376,0.6744086021505377
q00769,0.3550420168067227,0.2950420168067227,0.4150420168067227
q00770,0.6344086021505376,0.5444086021505377,0.7244086021505376
q00771,0.3550420168067227,0.2650420168067227,0.44504201680672273
q00772,0.22105263157894742,0.16105263157894742,0.28105263157894744
q00773,0.25321888412017163,0.14321888412017164,0.3632188841201716
q00774,0.1002710027100271,0.010271002710027108,0.19027100271002712
q00775,0.1002710027100271,0.060271002710027104,0.1402710027100271
q00776,0.1002710027100271,0.060271002710027104,0.1402710027100271
q00777,0.16242661448140897,0.10242661448140897,0.22242661448140896
q00778,0.1912878787878788,0.1212878787878788,0.26128787878787885
q00779,0.17204301075268819,0.13204301075268818,0.2120430107526882
q00780,0.24113475177304963,0.18113475177304963,0.3011347517730496
q00781,0.24113475177304963,0.15113475177304964,0.33113475177304963
q00782,0.24113475177304963,0.18113475177304963,0.3011347517730496
q00783,0.16242661448140897,0.12242661448140896,0.20242661448140897
q00784,0.12289156626506022,0.08289156626506022,0.1628915662650602
q00785,0.16242661448140897,0.12242661448140896,0.20242661448140897
q00786,0.6344086021505376,0.4944086021505376,0.7744086021505376
q00787,0.6344086021505376,0.4944086021505376,0.7744086021505376
q00788,0.6344086021505376,0.5744086021505377,0.6944086021505376
q00789,0.12289156626506022,0.08289156626506022,0.1628915662650602
q00790,0.12289156626506022,0.08289156626506022,0.1628915662650602
q00791,0.12289156626506022,0.08289156626506022,0.1628915662650602
q00792,0.4,0.34,0.46
q00793,0.4,0.34,0.46
q00794,0.4295454545454546,0.3695454545454546,0.4895454545454546
q00795,0.12289156626506022,0.06289156626506022,0.1828915662650602
q00796,0.17204301075268819,0.13204301075268818,0.2120430107526882
q00797,0.1912878787878788,0.13128787878787881,0.25128787878787884
q00798,0.4295454545454546,0.3695454545454546,0.4895454545454546
q00799,0.4295454545454546,0.3695454545454546,0.4895454545454546
q00800,0.25321888412017163,0.19321888412017163,0.3132188841201716
q00801,0.06345177664974619,0.003451776649746191,0.12345177664974619
q00802,0.06345177664974619,0.0,0.1334517766497462
q00803,0.06345177664974619,0.003451776649746191,0.12345177664974619
q00804,0.16242661448140897,0.12242661448140896,0.20242661448140897
q00805,0.16242661448140897,0.09242661448140896,0.23242661448140897
q00806,0.24113475177304963,0.17113475177304963,0.3111347517730496
q00807,0.07560137457044673,0.03560137457044673,0.11560137457044672
q00808,0.07560137457044673,0.03560137457044673,0.11560137457044672
q00809,0.07560137457044673,0.005601374570446724,0.14560137457044675
q00810,0.1912878787878788,0.10128787878787882,0.2812878787878788
q00811,0.1912878787878788,0.13128787878787881,0.25128787878787884
q00812,0.16242661448140897,0.12242661448140896,0.20242661448140897
q00813,0.12289156626506022,0.042891566265060216,0.20289156626506022
q00814,0.12289156626506022,0.042891566265060216,0.20289156626506022
q00815,0.12289156626506022,0.06289156626506022,0.1828915662650602
q00816,0.07560137457044673,0.03560137457044673,0.11560137457044672
q00817,0.07560137457044673,0.0,0.19560137457044674
q00818,0.07560137457044673,0.03560137457044673,0.11560137457044672
q00819,0.8367346938775511,0.7267346938775511,0.946734693877551
q00820,0.8181818181818182,0.7081818181818182,0.9281818181818182
q00821,0.8367346938775511,0.776734693877551,0.8967346938775511
q00822,0.09239130434782608,0.03239130434782608,0.15239130434782608
q00823,0.1002710027100271,0.04027100271002711,0.1602710027100271
q00824,0.16242661448140897,0.10242661448140897,0.22242661448140896
q00825,0.07560137457044673,0.03560137457044673,0.11560137457044672
q00826,0.07560137457044673,0.015601374570446733,0.13560137457044674
q00827,0.09239130434782608,0.05239130434782608,0.1323913043478261
q00828,0.7087378640776698,0.6287378640776699,0.7887378640776698
q00829,0.7087378640776698,0.6487378640776698,0.7687378640776699
q00830,0.7087378640776698,0.6487378640776698,0.7687378640776699
q00831,0.1912878787878788,0.1512878787878788,0.23128787878787882
q00832,0.1912878787878788,0.1512878787878788,0.23128787878787882
q00833,0.1912878787878788,0.13128787878787881,0.25128787878787884
q00834,0.06345177664974619,0.003451776649746191,0.12345177664974619
q00835,0.028077753779697623,0.0,0.09807775377969763
q00836,0.028077753779697623,0.0,0.06807775377969763
q00837,0.22105263157894742,0.1810526315789474,0.2610526315789474
q00838,0.16242661448140897,0.10242661448140897,0.22242661448140896
q00839,0.1912878787878788,0.1512878787878788,0.23128787878787882
q00840,0.7087378640776698,0.6487378640776698,0.7687378640776699
q00841,0.7087378640776698,0.6287378640776699,0.7887378640776698
q00842,0.7087378640776698,0.5987378640776698,0.8187378640776698
q00843,0.5222222222222223,0.44222222222222224,0.6022222222222222
q00844,0.6344086021505376,0.5544086021505377,0.7144086021505376
q00845,0.7087378640776698,0.6487378640776698,0.7687378640776699
q00846,0.16242661448140897,0.10242661448140897,0.22242661448140896
q00847,0.1912878787878788,0.13128787878787881,0.25128787878787884
q00848,0.16242661448140897,0.10242661448140897,0.22242661448140896
q00849,0.16242661448140897,0.052426614481408965,0.272426614481409
q00850,0.16242661448140897,0.12242661448140896,0.20242661448140897
q00851,0.16242661448140897,0.12242661448140896,0.20242661448140897
q00852,0.5222222222222223,0.41222222222222227,0.6322222222222222
q00853,0.4295454545454546,0.3695454545454546,0.4895454545454546
q00854,0.25490196078431376,0.19490196078431377,0.31490196078431376
q00855,0.9565217391304348,0.8965217391304348,1.0
q00856,0.7087378640776698,0.6487378640776698,0.7687378640776699
q00857,0.9130434782608695,0.8030434782608695,1.0
q00858,0.07560137457044673,0.03560137457044673,0.11560137457044672
q00859,0.09239130434782608,0.0,0.2023913043478261
q00860,0.24113475177304963,0.18113475177304963,0.3011347517730496
q00861,0.1002710027100271,0.0,0.2402710027100271
q00862,0.1002710027100271,0.04027100271002711,0.1602710027100271
q00863,0.1002710027100271,0.04027100271002711,0.1602710027100271
q00864,0.4,0.32,0.48000000000000004
q00865,0.4878048780487805,0.40780487804878046,0.5678048780487804
q00866,0.4,0.34,0.46
q00867,0.4295454545454546,0.3595454545454546,0.4995454545454546
q00868,0.4,0.36000000000000004,0.44
q00869,0.4295454545454546,0.38954545454545464,0.4695454545454546
q00870,0.3550420168067227,0.2950420168067227,0.4150420168067227
q00871,0.4,0.34,0.46
q00872,0.3550420168067227,0.3150420168067227,0.3950420168067227
q00873,0.4878048780487805,0.40780487804878046,0.5678048780487804
q00874,0.5222222222222223,0.44222222222222224,0.6022222222222222
q00875,0.4878048780487805,0.4278048780487805,0.5478048780487805
q00876,0.0625,0.0,0.1325
q00877,0.0625,0.0225,0.10250000000000001
q00878,0.06345177664974619,0.0,0.1334517766497462
q00879,0.051490514905149054,0.011490514905149053,0.09149051490514906
q00880,0.051490514905149054,0.011490514905149053,0.09149051490514906
q00881,0.051490514905149054,0.0,0.14149051490514905
q00882,0.1912878787878788,0.13128787878787881,0.25128787878787884
q00883,0.1912878787878788,0.1512878787878788,0.23128787878787882
q00884,0.1912878787878788,0.1512878787878788,0.23128787878787882
q00885,0.4295454545454546,0.3695454545454546,0.4895454545454546
q00886,0.5222222222222223,0.43222222222222223,0.6122222222222222
q00887,0.4295454545454546,0.3695454545454546,0.4895454545454546
q00888,0.4295454545454546,0.3495454545454546,0.5095454545454546
q00889,0.4295454545454546,0.3695454545454546,0.4895454545454546
q00890,0.4,0.29000000000000004,0.51
q00891,0.4,0.34,0.46
q00892,0.16242661448140897,0.08242661448140896,0.24242661448140895
q00893,0.4,0.32,0.48000000000000004
q00894,0.4295454545454546,0.31954545454545463,0.5395454545454547
q00895,0.4295454545454546,0.3695454545454546,0.4895454545454546
q00896,0.4295454545454546,0.3695454545454546,0.4895454545454546
q00897,0.4878048780487805,0.4478048780487805,0.5278048780487805
q00898,0.3550420168067227,0.3150420168067227,0.3950420168067227
q00899,0.4878048780487805,0.4478048780487805,0.5278048780487805
